RequestId,RequestDate,Status
db33053a-f5cb-4a2e-82cf-f91327368101,2023-09-11,0
6da58b81-4137-4f3d-ab3b-ea0a41b31edc,2024-01-08,1
920d2a40-8eb4-4db8-b779-4b58ee573b83,2023-04-21,0
98ce93cd-738b-45e7-8eef-cc7c457a95bd,2024-05-20,1
4d879183-fd35-4a88-8f7b-c3efe0087cf0,2023-08-04,0
38b57029-67d7-4be2-9fec-ae2b8eb5b7e0,2023-05-16,0
0882eb5e-7d08-4646-94d7-6a1f5dbcc037,2023-10-29,2
f9601e0a-3672-4ec4-b724-eaa28df81663,2024-01-10,1
7e33e477-655b-4502-8e18-677b5704533c,2023-04-25,2
dccc2294-363f-493a-a039-d679af0f9917,2023-03-06,2
ba3176cc-f142-48ac-9c9e-03b5d239d4d8,2024-04-18,0
4918afb5-cea8-484e-971d-76f98e23ade1,2023-09-23,0
c2eeba27-d24b-4035-b2ad-a8b4538eaae8,2023-04-08,0
9d149685-a2b4-4fc6-9557-599244c08827,2023-09-24,2
ce534382-abf9-4e48-b837-c22063f6b283,2023-10-31,0
b7ce8263-bdc0-4979-a8aa-3ac514464950,2023-07-24,1
979714d4-5030-4e63-ac42-6df40d32dd72,2023-11-26,1
4f5a1f53-65a8-4f3c-a9ad-7701e68b6e19,2023-02-03,2
3b2c8ad2-b367-4414-a39b-8015bdea4a73,2023-04-30,0
699e91ca-fbf7-4843-9abf-a2e2117d0738,2023-10-22,2
5360b202-4cff-4143-a2ce-12e1f63bf36f,2023-10-09,2
9a66d757-3a40-4dad-a41c-40426a22382d,2023-11-15,1
4cfa195f-3752-4e25-a8ce-066603c946fa,2024-04-21,0
6f50690e-deae-4815-8f42-bae8ddc8ac5c,2023-07-03,2
0983ee91-98a6-43a1-964f-2b3d7e2d4e5c,2024-06-02,0
3cd87029-9e5d-4a78-b261-9be47807b575,2023-09-23,0
94f9ee69-7b21-4d2e-985b-bb19690f9a25,2023-11-13,1
9ccc0804-ddc8-4a67-8254-ffdc7fff6cf0,2024-03-12,0
7d2c6563-b82a-4d9c-b72d-d60ac529abd1,2024-01-16,0
f3f01bed-f74a-421a-bee3-3a9b7e7d8cdd,2023-07-17,2
c78cdabf-1bc6-4c65-95cb-85e6adc5d3e4,2023-12-08,0
5f7ad400-363c-40d6-962d-7f7e6bb8a2b8,2024-01-31,1
2849405f-0d7b-4e47-ac2d-2e282c05f589,2023-01-28,1
258230a0-c541-43ed-be7a-2a4eaf928a8d,2024-04-26,2
4acf4e6c-c8f6-496e-86c0-f88bfcad5862,2023-03-06,1
11042b72-7abe-4c92-880b-898737cbc77a,2023-02-14,0
c0a60521-4a6a-4763-9b02-e9e177df3648,2023-06-10,0
0d7f8215-07a2-4f64-93a3-e1e65f268741,2023-12-26,2
8ec20d1a-4ded-44ca-a6f1-67332da22af8,2023-09-27,1
b85050cd-4cd5-4d9e-9b60-eebac1585640,2023-02-16,0
26d588e8-d4b1-48ff-b299-b86f398b6f3b,2023-12-15,1
7bfeed96-81a9-40c2-8fdd-0d4cffb59060,2023-01-09,2
7e458cef-2ddb-4d7d-8d5c-52a48b94ecd7,2024-03-17,0
500a44ca-2e60-4840-ad5a-5109db8f7aac,2023-12-25,0
b6bbdedf-e5ed-4d46-901b-e0d595ad88c6,2023-05-04,2
99680c08-e3c8-4bf1-aa08-6b324e5a5f54,2023-07-28,1
54a77d7b-5fa6-4b6f-8e3b-534dba74a005,2023-05-26,0
81a036df-bd57-4469-8665-bef0606b7d2f,2023-08-02,1
d6f7c99c-600b-43be-9e0e-9dac2f43e551,2023-03-19,1
a9c8a449-3c99-4038-a693-b8d7ea792f27,2023-10-31,2
c490f2af-7b46-48ae-a295-1fd722b528fe,2023-01-16,2
48d22585-157f-44dc-832c-1033809f2b64,2024-03-24,1
93023d3e-a22e-465a-8123-684352c8f544,2024-05-03,2
9ded595f-5f8c-4181-8624-0cd0207e370c,2023-03-01,2
55725c16-5b9d-466f-835b-e1df650d03df,2023-01-18,2
3a63857b-80e0-4c31-a3f1-aaf1a4e085ed,2024-04-04,0
cf879c12-9561-4784-8642-973cbd9a7612,2023-12-24,1
13e429f2-8320-4fd7-9211-6490ba2e416d,2023-11-20,1
600d95bc-c67f-4a03-800c-e6d707ddb3fa,2024-03-03,2
c15d2edb-d340-44bd-b696-6425577aef4a,2023-03-13,1
d5ebc46b-71e3-46c0-b2e0-637699286f2d,2023-09-03,0
f65d09d4-d6fa-44b3-b080-5a047a645981,2023-05-25,2
3afdbc9a-cf91-4814-be8a-d855cc2ba82a,2023-08-09,0
cddb0e43-e931-4c71-9fcd-0c8e103bcbe2,2024-03-27,1
535af14d-18f6-4fdc-987c-f044a7996483,2023-11-01,1
75c91287-cf71-4b21-8613-7c73be4447c4,2023-12-06,1
1b5b58d9-daea-4baf-96bb-39ad971b64bf,2023-10-18,0
2ec2f0bf-c6c7-4fae-9d4f-56b8c325c346,2023-05-08,1
5b0a2aad-b309-4a93-8c48-4e229f98b9d5,2023-06-03,1
56e175ef-ed32-4719-bc03-390f0b89707e,2024-01-27,2
ce3917e4-b4b4-41e8-b94e-47bc5c9e7137,2023-07-26,0
f92f5048-cab4-42cf-a7d9-f2b4fdf7eef9,2024-03-30,1
167e4d59-6f1d-4a10-8abe-3c8b1747869b,2023-09-29,2
d72555d1-cd8f-45cd-ab7c-136ef24222ce,2024-02-10,2
48b67449-a51e-49e8-804f-4245aab6a772,2023-02-16,1
e7101c0a-73a7-4d9b-8e6f-463e787c38e8,2023-09-04,2
a63a3754-35aa-43a1-9723-ca37d209ada8,2023-06-25,0
ca1f710a-c00c-4629-8b35-56ec9b7999dd,2023-02-24,2
2a38a3a6-4e6d-4e35-813d-26c4bdb848c8,2024-06-02,1
cc443558-fae4-43a9-bfe1-2e4635405805,2023-02-21,0
26346a1a-348d-4e08-91ed-c02de7a6275d,2024-01-15,1
73cfad43-03a4-408f-9685-4cd6ed6c110b,2023-10-04,0
88f6a60c-42d4-420f-b06a-d904d7dc8dfb,2023-09-03,2
b91262ca-b5a5-4b27-84c5-0dc44ccd9423,2023-04-10,1
cee1e37a-8ded-405a-bfe8-1dbf7ad9b37a,2023-07-10,0
5e2d5f09-cac0-4741-9505-a870756acef5,2024-05-17,2
b7290a66-9f00-4e95-8e24-592f82facb48,2023-05-08,1
3765baea-270a-40f9-9e6b-eca3447cb25e,2023-11-15,2
57ab4409-5bd7-40e9-b752-9316c830e4c2,2023-07-21,1
0143a1e7-e517-424c-bd31-f0b22009b2bb,2023-08-28,2
e26312f5-2408-46a4-99ae-a9a4c59ea862,2023-04-24,0
0bec7206-f1ee-4bef-9b19-a933b6bc1a9b,2023-03-17,2
f3b25a68-0842-4467-9977-3c064ec3a422,2023-03-12,2
1945913c-a9bd-4180-b590-dfb2a6e9fba3,2024-02-25,1
d493d4f3-fd2d-449c-8725-1a7a4e5e19e3,2023-09-06,0
51111e81-8147-42db-86e1-359f8da00b8c,2023-04-18,0
7d13bc6c-033f-4373-be6b-50c0340aa683,2024-05-29,1
90421f4c-64ba-4193-be21-c127a3c54e1c,2024-03-19,1
7cc2fe9a-a54c-488c-8055-6408319c0d19,2023-11-12,2
388ce381-5ba3-4dd6-8b81-a5660bc12da8,2023-01-24,1
323ba1ed-b2c8-4f66-9039-ae232587fd97,2024-01-12,0
8e401e40-dfae-4253-9780-2ced29be853a,2024-01-29,2
5e302cc2-947d-4f6f-93d4-2f37974ff910,2023-10-15,1
b125a461-a56a-4da9-a9b8-0068c4e22c46,2024-03-03,1
d463afb5-e042-4227-8e09-bcc71e0678f1,2023-03-01,1
6e1f1c56-dce3-41ea-837b-0d21566ed1c8,2023-08-05,2
5d4607e3-b314-4d14-9fb2-a4c8fff39c0a,2023-01-25,2
0311d3f6-fd97-474a-8726-2bf3a0d27aa5,2024-04-01,2
cdc7303c-a08d-47af-ae59-251bf82ccec4,2023-05-06,0
e22f75eb-de51-4b57-813e-0d36640729bd,2024-02-29,1
7bea64ac-f1f2-46ca-b0f9-32d206861557,2023-10-12,0
dabeea9d-e2f8-486d-86c6-ee9339037fd6,2023-01-02,0
c933fb1c-6799-481a-b58b-173d5326b364,2023-02-28,0
621ab44c-da54-4bd2-81f7-e1fa8daf9512,2023-09-05,2
484ddf30-c57c-460c-9cf3-3c2d3307211f,2023-01-16,1
ac8d023c-95d5-4508-a935-88f69124e8df,2023-03-08,1
35ce857f-f40f-40c1-9635-847c3d2b8077,2023-01-05,2
69ed711d-2ae5-4eee-a39c-654028414987,2023-03-04,0
00fb700b-7200-473c-8c67-22f499a4a346,2023-02-05,1
778c0157-25be-4022-a426-1316313d5b60,2023-11-06,2
19fcfd73-9c5f-47e2-ad65-73c3c4671165,2023-07-26,1
88699936-e530-4781-9f84-3bf35de96d10,2023-06-11,1
5c613065-309f-4066-a80c-0545db87f3ee,2023-09-21,1
80b7849d-fe63-4755-aac4-dbcbfb5cdc85,2023-03-31,0
c59b5aef-e473-4a78-ad23-62f97c86f244,2023-06-12,2
9e9ffad3-404c-44fd-97c6-2199f6f66a38,2024-04-07,1
58188ed3-6bc0-459a-9f33-baf9605de082,2023-10-23,0
a6833712-1fd6-4dea-980d-4f1819ce75d9,2023-11-03,2
3b87dedd-d361-45dd-b261-316e0091107b,2023-03-17,2
ad6fff1a-67e1-4618-854f-7bab214e5c57,2023-03-21,0
90d27c50-53f7-41fa-924f-946e1879eca3,2023-06-16,1
3ec79cd5-69b2-47a1-9f78-129fb75057f9,2023-04-06,2
95aadf92-b18e-4b6f-9a01-c73f4ebc380f,2023-06-28,2
2ace5562-b6d2-476d-9da2-bcfd12a00e6f,2024-06-05,1
b6792518-1b37-42f5-bf7e-24edc8b185bd,2023-07-27,1
4237fc44-a5de-405e-8cc9-ec457cc17afc,2023-07-14,0
8b60df3a-7b7b-4602-b71c-317da805819f,2024-03-05,1
1d42f6cd-b304-4fb7-a450-673aaecfd82a,2023-11-28,1
420a7e8e-c7c4-4370-bb76-70fda283cec4,2024-05-09,0
39e0054c-4bdf-4058-8bbc-a87d8ec9ef6f,2024-03-27,1
50c00b0b-8f71-4a62-81cd-f1ca8afc19aa,2023-02-28,0
12855276-4c6d-468a-83a9-207728fddaf6,2024-02-01,2
1e504b1b-ad74-497b-acd4-dd45cfb9f43c,2024-01-16,1
ade4270d-fc0c-44e6-aa93-310b85478541,2023-01-18,1
279dcc49-0cb5-455d-9247-561f72361137,2024-01-03,2
b0d850c8-05bb-44cc-b1e2-32dac4c058b7,2023-10-26,0
1ea6fc35-7cc2-4fb6-8342-09400b2e7c2a,2023-08-25,0
7f57e145-1db9-4682-8f60-8a3c27a13390,2023-12-10,0
8f8f5b2d-54b6-47e7-a711-708cd2738b23,2024-05-30,0
29a431ff-f683-4a7b-b228-b7042b1223da,2023-06-14,0
edf3740b-fd2f-4981-8378-f03ee80be239,2024-03-03,1
5acfa32d-da13-4f2f-9c72-6b94241d5d98,2024-05-07,1
b36e0664-d0ef-455b-a82d-151c0428dddf,2023-06-13,2
9931b5a0-0086-47ff-9bcb-940e0c4ffd88,2023-06-27,0
33e8b6ee-dbdf-4b91-b5a5-5efc078174f7,2023-11-17,1
3d8ebd1d-28a1-42b0-a382-28540ed1296d,2023-05-16,1
ca8521ff-d19c-4e95-a067-cb4dca47f5b2,2023-08-12,1
d84e4262-c2fc-4333-8fe6-7ab8de68d89c,2023-04-16,1
374af769-fe6a-4609-b5cd-a9c19f5a8bd8,2023-11-24,0
09f2d103-30f4-419f-acf4-bf6101225a77,2023-11-17,2
06fb507f-68a8-4f93-abe1-930da8e930c0,2024-03-20,1
0d57e13e-3e37-4539-ae59-3b803b2038c3,2024-01-05,2
b9114f13-c03a-4804-916d-b8488edf71e7,2023-02-01,0
74952722-ef6c-4bfe-86b9-7ae142db7dc0,2023-05-05,2
c3026dea-80ce-4783-9d2f-6d22580d17a0,2023-07-12,0
f31080cf-e01b-404c-ac07-6c3c4e5adb00,2024-06-05,0
24d2f21e-8526-4fd1-b784-cc620cf17d4b,2024-03-29,0
16300372-b78d-4e9f-9d87-9b531c491199,2023-09-26,2
2e238ec3-96c9-4cd8-8a5d-03764cd2fc3d,2023-11-17,0
3b302345-8914-44b7-81f2-d58cba12fb28,2024-01-11,2
ba6fe0b4-c0fb-4253-8f71-3b75e9643b19,2023-09-19,2
a32951ab-1913-4834-9e75-77d964ec6ecb,2023-01-08,2
11419acb-6748-42b0-b216-5a6f44a0bdd1,2023-10-30,2
3f58ef6c-bedf-4792-8e5a-4f499e7358b1,2024-02-12,0
cc56ea54-7558-465f-a8a9-a87e9b42c11e,2023-02-17,0
8f065c4b-f19e-4eb4-bb0e-f22b1af7f4bb,2024-03-30,0
488b44d2-0469-4084-9225-fb9fe5d8ea03,2024-03-09,2
1169cd79-62f0-4c6b-aa3d-c8dff210607a,2024-02-24,0
43aae027-4aaa-4725-a603-93642f690c07,2024-01-25,0
3f5fbf38-da4d-4b1c-9c20-ffe541059321,2023-05-30,0
01581190-59b2-41cf-8536-c1b2c8867c74,2024-01-04,0
dffdc9eb-c7fd-4510-a82b-ff3bfde8b55a,2023-03-25,1
570fd6c4-02a4-4c71-beaa-750f3144f776,2024-05-29,2
3be22642-0f95-4182-897f-00c2930efd75,2023-01-01,2
0f940a78-dcc8-459b-87e9-ba09edbf63cc,2023-11-14,1
744519d7-a15d-4568-99d3-3273c3304916,2024-05-07,1
ed472d7b-c09a-45a4-93a2-918539b5587a,2023-02-04,2
d50f4a9b-66fe-4051-bede-7a2c871588d7,2023-07-21,0
8c61f621-57b0-4f5b-99c0-6d9ca90fd5e1,2023-10-02,2
74424554-0271-4080-9faa-b0df6a8aeb65,2023-03-09,2
9070719d-6faf-4f85-adb5-5ab5149f799b,2023-06-06,1
0aa044b3-4b1b-407d-82e1-8924d8d40d16,2023-04-23,2
bdd0fa27-c7f3-4207-98b6-90da18676f9c,2023-05-26,1
25bb1b5f-d580-4140-b026-0b4d851aa3fd,2023-08-13,1
0b57c8b6-6700-42a0-a9e3-5df3419341e4,2024-03-06,1
65ee3673-a14c-4a2f-9d3c-8b362e82a5ef,2023-02-02,1
0860a06e-5727-41f8-a7e1-c7a71e1e12f3,2024-04-30,1
1b89955b-0829-46ff-9f1d-188eddd41ed2,2023-03-29,1
1ea33b79-90f1-41d3-bada-4967b7aedda3,2024-03-05,0
30fc4ccc-e55d-45b7-afeb-5b0edb4543de,2023-03-28,2
a05d290e-7fad-44e0-9f73-f220c6f2f9d6,2023-11-17,1
01b9214e-f2c8-49f5-8b6d-7c4504c3d251,2024-03-31,1
ac0b35c6-5a9e-49a1-a3f9-36b337e5bfb6,2023-12-21,0
1955a8c1-57c9-419a-a2c3-4455dce985e3,2024-01-14,1
12e74ccc-5c0a-47f7-8ad5-11a4c5b75bd6,2024-02-29,0
9495ad05-7e84-406a-8995-8e2cdb322238,2023-10-05,1
5ef33aa1-04d5-433a-a96e-a823eaa57087,2024-03-27,1
33b5c4e0-de02-4e9d-a385-e226c54e27c9,2024-04-28,0
7da77b77-0c2c-4fee-93b8-8d4ef7461621,2023-05-23,0
af396ef0-d60e-45a9-adb2-b707dba98e5c,2024-04-17,2
5853a55e-8c9e-4c7f-be46-e136ffa720bf,2023-06-02,0
56536d5a-716a-4e0d-9f7b-a979472255ec,2024-04-20,0
ca047d75-7fd0-405a-83df-ac59354b00e9,2024-05-06,1
6433773c-c3f8-40bf-aee1-3a3438dac4c1,2024-01-15,2
c2a7067b-c933-4731-8000-1021e5bf1e73,2024-04-24,1
9bb7c4b6-ba77-4222-a7cf-121da3818727,2023-05-17,1
acfca069-cd15-496d-8e99-274d3e449544,2024-01-01,2
7643a90e-05b7-4ad4-bf78-4e1418d305c7,2023-01-24,2
d777154f-f0e8-437c-b47f-1c52e86b5181,2023-06-21,0
6c59e61c-fb33-48db-b1ff-d29a6fa0b620,2023-04-01,1
be358e35-7572-4356-a934-a76fd7cc8650,2023-04-04,1
1a8a1f44-fef5-4f50-94b1-ce16fbefea90,2023-08-28,2
d22f6fef-fada-4d5d-a8a0-8fad63418894,2023-05-06,0
a78e5bd9-c56d-4edb-9dff-3d033ada9a51,2023-11-04,2
16180f0f-b0d5-453d-b90a-ef0ad766ab89,2024-05-04,1
251b37a7-24ca-428d-b22b-a1af1f2518a4,2023-06-03,2
d7987978-4a16-4b92-8407-e09f98dfa04a,2024-05-10,1
12ef21b6-6675-444f-814e-bcbfd857102f,2023-09-07,1
5b1ea6b5-f7bc-4395-a29d-9c777f2987b9,2023-05-14,2
a7c40e6c-b658-458d-a93a-98466bbd7c65,2023-10-21,0
f705fee8-599f-4513-a264-1ffc4cabb249,2024-05-15,0
7ab7f23a-4520-43df-841f-9b0b643c65e2,2023-06-19,0
8e142bd0-f331-4646-b08a-1698619af273,2023-06-12,2
c00dcd94-7248-429c-8ff1-27923d05b647,2023-01-01,1
9358aab1-2495-40d5-bb99-3a43115ae63e,2024-05-19,0
0df1b4ce-aba8-4e2d-b3ba-296e9f3fb30d,2023-02-21,1
3b4938fa-3bba-4db2-a018-94a2bad5bf98,2023-11-16,2
257e018c-edf4-4625-8f9e-14390536f7fe,2023-04-24,2
0fdd2bac-6a82-430f-8f58-5659980236a5,2023-01-30,0
4369cf39-900a-4e6e-9a01-3cd3d18e9be6,2023-05-06,0
1af652d2-74f5-48ce-b71e-8d6bdac5d395,2024-05-19,0
c50aafcf-cbcf-48c7-8611-4e3959d74e29,2023-03-16,2
2ba49933-16cb-4c5a-91bf-d83c06ee76d8,2024-03-29,1
cb74568c-2e66-456e-ba48-6c5b012e5f7e,2023-06-14,1
1dd0586a-74ac-4df1-8c59-a88ebd7d0a87,2024-05-01,2
91066384-4f5f-4d8b-a1be-b9e68b187804,2023-12-27,1
010346f3-e52a-4ef1-8647-47b341c361a0,2023-07-18,0
a820e994-737d-4572-b9c4-8c7a8341d173,2023-03-01,2
8d4b5dcd-de32-44b5-86a4-794fa504363c,2024-01-11,1
7494c728-cb6c-4992-b6d3-25214e625851,2023-02-26,1
f7a9cdd8-a405-4569-bb8a-056faf923e27,2023-01-02,2
75cd8000-7424-4003-b777-6cf44c952619,2023-07-28,2
f180f3ff-5d77-45f7-861b-eee01bdd3caf,2024-04-17,2
db91de0d-1f34-41d9-93bb-5ae63e7041ae,2023-02-06,2
4e9bf8da-2896-4466-96d7-8e822a46eaf8,2023-11-10,1
58ebca38-37ce-4a80-8503-4b341aea4f55,2024-03-10,2
c95e43b8-5a29-49ce-a85a-ec6ffe841274,2024-02-24,1
c4087cdf-a3ae-4b32-83d5-719d38e55213,2023-12-01,2
7dcfe7e9-1df1-461f-99ca-b4b11071824e,2024-05-09,1
b20486eb-8cc3-464a-96b3-3bc4de190c40,2023-01-21,0
4e93d802-c166-4919-9b20-e33023e806c6,2023-04-03,2
75099894-c472-41ad-9a78-89582adae14b,2023-12-19,2
971fcef9-ea5c-4d62-a4ab-e5cb676b4610,2023-09-23,2
ce2d79fb-c774-43b1-8052-6253e9de922b,2023-08-25,2
2fce3e1c-e240-4a35-8f30-7390dd6cce65,2024-04-04,1
149e6b65-8025-4bf7-bdb1-75fe9d501a6a,2023-09-27,1
44b99f4d-c422-4eb8-b2ff-d759309048d7,2023-04-07,2
c81a7933-e9bc-4ad7-b5ff-ea331990e6c1,2023-02-20,1
306e5dfd-da47-4d0b-bc33-3b295e2ebd56,2024-05-07,2
b825a1a3-4f94-4fac-9b88-686ba86e454c,2024-02-20,1
8da5e483-bcb3-44d4-ae98-5fa9bdfab913,2024-05-04,1
8346719f-30d4-46be-8dfa-69f3bf1d1245,2024-05-26,1
185cd83b-fd13-4229-a61b-a754a50f27eb,2023-11-29,2
052547a9-27fa-4231-860e-67d42ff8ca4e,2023-05-26,0
4e066336-773b-4e03-bb13-25de6c059869,2024-05-04,1
f5255362-b89c-47ef-89c6-b8402c5fb8fd,2023-08-30,2
6956908a-0656-4f86-80a0-a22342918956,2024-01-31,2
b3ec50fd-ea9d-43ee-a1a6-808877247fec,2024-01-27,2
b9d3a58a-d75e-44fd-a311-1de883918320,2023-08-10,1
ef794f3c-a669-4032-b4f2-c4337454345a,2023-12-09,2
f53843cb-b60a-4b2d-837b-20bf98677cd3,2024-04-12,0
ac83646a-9b22-4a80-8d3a-2268c6aededc,2023-11-06,0
54cd8e84-c32a-4899-86ac-598a85e3d945,2024-05-07,0
e41c90ae-8e9a-4fc0-bd34-0f1eb6541182,2023-10-15,1
429e701b-72ca-4035-94c9-df9bae4a1849,2023-01-12,0
87eb10cc-cc42-4619-b789-f7a4f015aa56,2023-04-30,2
849660d0-0c4e-485d-a672-40124c4d6e95,2023-06-04,0
216ecae4-c473-4629-b328-450f4826b18d,2023-12-23,2
78038c20-9188-4d21-8143-6922ae7f8d42,2023-12-25,0
2b29fa74-13cc-4506-8231-8dd91c27cde7,2023-11-27,1
8093ced3-ca3d-42ac-996a-27332c2c7115,2024-06-02,2
6599df1c-f527-41d6-8be2-89793def35ac,2023-10-24,2
9baa9a48-ad0f-455c-a694-865975924184,2024-05-27,1
261f49f9-3513-4501-9210-6af6b2efe7ad,2023-03-31,2
d3086c22-723d-4f45-a193-c6fe7f0d7771,2024-02-02,0
f59afe06-c90e-467c-ab4b-cab959ed2ff8,2023-07-08,0
8bc8e8aa-ea9f-4bf0-9e5d-1f82a25c0bd4,2023-04-23,2
4a3fbe76-d538-4a35-93e6-2e4b4b44d199,2023-04-27,0
991bbb5e-6c70-4316-a01d-9aad1f47851e,2023-11-10,1
b06920a8-5ef1-4c29-b21b-e6264c3e06f3,2023-04-11,0
e35e9b43-2594-43bf-8117-7162102ba421,2023-08-05,2
809c3c26-d9ea-49f3-a4b4-29d0a9d01f04,2023-02-18,1
86b16a15-1854-4697-9150-e2332bc7225e,2023-06-18,0
c2c2aba5-db7a-4f13-a10d-e9a334e928a8,2023-07-05,1
15d354d8-4b5e-418d-bcf8-f72028d01b7d,2023-12-14,2
f28dfa2b-7812-48c4-88a4-05854928b8e6,2024-03-31,1
c85f8021-c1fe-4715-81ee-abd487927273,2023-05-10,2
906ff97a-2b26-4a91-a16c-f578d88a0464,2023-04-20,2
96d51c2b-28b0-429c-b502-ba87c8382812,2023-10-03,2
c7fef585-1ab0-45b6-aa95-2d07d45083a9,2024-01-21,0
8015c785-8765-474b-853c-62b049cafc17,2023-10-29,0
7bb18e4c-2b83-4fc2-b29d-10b425dde8f4,2023-04-20,1
edd0f692-b834-43db-b277-093de3f1e7b4,2023-06-15,1
1d238fe8-bb53-45ba-834c-666e3d97fce6,2023-03-19,1
da9c5628-1b11-4aa6-9dac-c7aa4e5d842a,2023-11-18,0
ae2154ea-79b6-4930-b1e0-af727429b8b0,2023-03-21,1
5868d9ed-c7dd-42e2-b50b-7d3e212c66d3,2024-03-12,1
ee57c1a2-15e7-4133-87f5-ec8024c55856,2024-03-25,1
b9708d7b-e14c-4b23-a7fb-33098ff8b476,2023-11-22,0
e8ec0364-3ac2-4eaa-a4e3-bafedfb5c7ec,2024-03-27,1
124e1a18-0bf8-4b32-a215-ada9b2d1d934,2023-07-10,2
d6d536e9-fdb4-4381-8ada-feccbedca48a,2023-02-19,0
ec93a0bb-4212-4ed8-b463-ac8b56b573c2,2023-04-19,2
3eab9224-1981-45d7-84b4-69f3ae6776e7,2023-02-23,1
0d921f87-6eed-470e-b2fe-86fdd6e1f37c,2024-04-09,0
2ea49066-5305-4085-a509-dd7d4225dfd8,2023-03-03,1
9e33e617-1ebf-49b5-8cd4-8641d3abe5ae,2023-09-23,0
aa608160-673b-460d-a462-65f927f03933,2024-05-14,1
18b69076-653a-4049-a272-74578441a734,2023-11-06,0
51787b2a-179d-410a-b304-caa3dedca570,2023-09-04,2
b9a692d1-dddf-4c97-a5c5-11795248d17b,2023-01-15,2
ecd68049-63e2-46af-891f-d5f8dbc89050,2023-11-26,2
8379647b-99ea-4528-b060-0574266e0739,2024-03-13,1
83a3dabc-b6cb-4063-bae3-e948f6607c0e,2024-02-27,1
e148440f-13d4-46ce-9fcc-b99744fbf97b,2023-02-16,0
21f7aeae-0cfd-4d68-ad83-93458a72c0f6,2024-03-21,0
6102bacc-6f56-4141-b4c5-abfce4c3846c,2023-04-26,0
319141cf-c057-4b3a-b7e6-77b7b3d765f1,2023-10-19,0
41260836-e5be-4ec2-a95d-ec7537274bd1,2024-04-07,2
0b9ba497-6b1e-472e-92ca-bd52896841af,2023-10-20,1
bcc43552-7df6-4a8d-9913-18d4f0f8d111,2024-02-09,0
7459c2f9-647d-4b36-8167-c0560d23558b,2024-02-16,2
7c05cf64-d567-4a8f-bd66-11a305c52f71,2023-07-01,2
9957b366-2929-477e-a87c-37d8dc7ff926,2023-12-22,2
d625da58-0bbf-40c3-b228-f9661eb9b961,2024-01-20,1
ddcb9209-0212-4edc-a396-61d2e00b0c0c,2023-11-21,0
605ee380-1cae-406b-a43e-8d152c1dd149,2023-03-10,0
7511ddc8-9934-41b0-a8f0-e72f778ab0fd,2023-10-30,2
bc1d7861-cee7-4db5-86b7-c851648e196f,2023-12-27,2
a9ca9f6b-0559-440e-9f37-a7da4c8f0e16,2023-02-09,1
8e7c06dc-0d81-4ef1-a28b-2315e7bf032c,2024-02-20,1
3ea2fafd-208a-4e46-81f0-f0cd4be02081,2023-10-25,1
c3d065f6-293b-4c69-93ac-0c3a9c9d26de,2024-03-29,1
de78660a-e30f-49be-86f1-6416dfb311f1,2023-05-02,2
ed7c0245-4c68-4f52-a172-b404620c15d7,2023-03-24,2
b26bd542-326f-4fb0-b531-c648701dec7f,2023-03-30,0
de822f3e-d813-4977-85ef-4a01dd5958a2,2023-06-25,1
53c55675-629c-4e7a-9f3c-181ae60755bc,2023-12-01,1
39223648-e337-4072-9373-137a1539f08d,2023-04-19,2
65ab6278-3f5d-4bee-9465-297e43686803,2024-05-27,0
d3f47824-016a-450c-88f1-2ad6386fb8f2,2023-12-11,0
b5b714a3-b1d3-4901-becb-63023c87d087,2024-05-28,1
0c8a52e6-a8b4-4215-b04a-7f5652dcd626,2024-03-11,1
8cb26669-6665-4f45-a46f-0efb8417273e,2023-09-10,1
d1fd249b-3f2f-4e7a-b196-991959cb1bbe,2023-04-28,2
912c2a76-c985-48db-8102-2c2beb286968,2023-11-07,0
0ca0cb03-13ca-4746-8c72-4d44656262e6,2023-10-19,1
ae9af5bd-d440-4009-90b7-2bae5d3d3a70,2024-01-28,0
3684863f-e2e4-4951-8ef4-f5182ce7f413,2023-11-09,1
869e3484-61dd-492e-8227-f4b6055e0c17,2023-03-30,2
9570d5ae-97ce-4695-acba-ebfa35ecba81,2023-11-23,1
39204eeb-2154-4fa4-8cde-b4c38442cdbc,2024-02-05,2
671a8953-3a48-42a6-ab35-3d9c0b8bed2f,2023-05-31,1
e3124d3e-f37d-4bef-a708-8563f7ae0ee0,2023-07-25,0
046274e5-514b-4e41-9a12-27a930c028eb,2023-08-10,2
e45ae401-e340-41d1-b555-083ae47e60b8,2023-07-21,2
01d8c590-7941-441c-8490-1cd8bf17342d,2023-03-16,1
2b998a72-5b63-4ba1-ad79-a6ba5f1633ce,2023-05-24,0
e7d00615-9db6-43f2-8ce9-c9a10dc42f2c,2024-01-31,0
19d1fd56-b893-4f24-b825-c1690adc5277,2023-09-24,1
0a2cb77f-7ad3-4c2c-b071-2de641c62a3a,2024-05-21,2
a7816147-e289-494d-8210-832d2007b9c7,2024-03-09,0
0c726654-0de9-45a9-8c71-1f1c5e1a36fc,2023-08-25,1
27b40206-2913-46d3-a6e5-e98e87de77e1,2023-03-24,2
53b53924-6931-4f87-85ab-0aae5dcdf7ef,2024-01-11,1
00924761-b1eb-4163-bc10-17be70d21f6b,2024-03-22,2
27ab0d7d-eba7-488e-aa0b-4e0de72677ca,2024-03-31,0
95ba038c-76d5-4467-bd00-b02a0bb210eb,2024-03-21,0
25d76ca9-9596-4fb7-96d1-5d6b17c080d3,2023-11-17,1
ae0a4813-af5b-43c2-9a27-213d4faf7380,2023-10-18,1
4b54713a-c411-4d7c-84ce-85b8112619f7,2023-02-05,2
d1c5d8b6-7d2d-4e44-8edd-2d794bf22172,2024-04-24,2
318de3e8-60b7-4cf6-861e-51ca31560774,2024-05-06,0
a71d7e01-99d4-4d41-af9e-44d367c187e9,2023-06-19,0
9c729d1d-aaf5-40b7-ab58-ca4c4143bfba,2023-09-19,1
58c2b90d-8adf-4126-98f8-cae72f52c069,2023-02-20,0
e8fffef3-7826-42d5-8a53-429e65cfd795,2023-12-28,2
3c8a8109-04e3-4603-beec-597d4d1958df,2023-07-24,0
eca256a1-5175-421d-b829-cd12b1b01af0,2024-05-08,0
289464af-fcef-44b5-bcff-9874caf7ad97,2024-03-21,2
7fe04a50-cb17-4029-8d14-a7bfa4c4b1df,2023-02-21,2
083776b4-a1f3-4d97-a0ff-b2cb97b196a8,2023-07-04,0
8271a39b-bc59-4b4d-a1aa-a7f6d8f488f3,2023-12-28,1
7466db05-fd87-40a4-8ff0-d4b8de776896,2023-11-08,2
2fbe73c3-5cfd-40e1-8bc3-ea31bb0b88fb,2023-07-09,1
506498dd-23fa-4135-a0ee-0496dd63ae6a,2023-01-23,1
a59bbddd-e37d-4907-aae4-d953e234229e,2023-07-23,1
39bc96ca-9265-4b0c-a785-eb3ad4a57efe,2023-12-29,1
e378943b-e101-4d58-a129-696185adbd5b,2023-12-11,1
f9fc1752-c15e-4a15-bcef-36a74cf70752,2023-06-12,0
2472153f-32ac-4595-a69e-9b571093d39f,2023-03-23,1
2e9e16e9-3e82-423b-94a7-72e28268abfa,2024-04-05,1
f1edb37a-3aea-42db-99e5-7eb4d5f89a95,2023-03-06,2
e34954c0-ab4d-4caf-88da-e5cc3930a56f,2024-02-24,2
ca6a4861-c8f9-44b6-8015-4c0bf6fdda95,2024-05-18,1
e0b2e939-445a-48c3-98b3-a10548aad305,2023-11-10,1
3bafd003-d5a1-4a5a-917e-5fbcf9f672b3,2024-03-16,2
df92ad1f-080e-4227-9ab2-7c331deb9cbe,2023-04-30,1
cc065ced-3d3d-483a-8a1d-f22bf8a7c2e8,2023-07-11,1
5d42098f-a74b-48c3-94f5-e70217da5502,2024-05-31,0
e85cb6e7-e47f-45b6-99b3-02f6dcdf0579,2023-02-05,0
bf2221d9-5ad5-4a05-9f33-8c33d1154dd3,2024-03-03,1
803e8e76-ad65-4ad4-a8f8-c1b192c692f6,2023-02-25,1
df95cd5d-9da3-4389-ac21-500d08c0c7e9,2023-08-20,2
68be748b-00bd-4522-9171-73242007fa94,2024-04-12,2
91eba6b3-3be1-4bed-b424-7bef8ab41bd0,2023-07-30,1
a25fb75f-f711-40a5-9600-35444dd4d437,2023-07-14,1
50bd919d-24ff-4b89-b6b1-54aac10efaf9,2023-12-07,0
5d91fa5c-662e-47c1-86c0-ccd11fb7ad9d,2024-04-25,1
0d00b544-2f06-4326-8f87-4d32c29b5172,2023-05-08,2
96911930-6656-4d23-8f0d-02b2a922801a,2023-09-22,1
64150886-95e4-49fb-a6cc-54b14682f86f,2023-01-07,0
160b41ac-0b2a-4305-bb95-b01b00df8bd1,2023-01-09,1
319b72eb-6ab4-400f-a402-2009eef94a44,2023-08-08,0
1ae85646-4137-4dbf-830e-a50152e41d4d,2024-01-28,1
e7c096d6-5d02-4a21-b358-67060fc775bb,2023-03-19,1
1314806a-ff61-4ed5-9eba-4e5b3599384d,2023-06-15,0
82e1dda6-3512-44fc-b7f5-2d1b15cb5b90,2024-01-17,2
fb2148c7-69b4-402f-8247-9ef15eda1770,2023-06-20,2
dbc50ff3-5633-4e7f-965e-4855ce77abf1,2023-08-07,0
f21388c8-fc05-4a72-a2d0-7fc2b338deb8,2023-09-28,2
d06cb885-65b8-4a6f-b10d-7f42c06637b1,2023-02-27,0
a968e13b-6ae9-49eb-9345-3b6499a1eb7f,2023-06-18,0
be234d37-fc2d-4a87-98df-c313ed94df7c,2023-03-30,1
dae0ac85-84ec-4bae-a060-9f8848469576,2023-07-10,2
9896fd80-0462-4cfa-987b-8b26ecc3a8dc,2023-04-19,2
4c732abc-41d0-49db-9012-5793d049d14a,2024-01-23,0
0b36ac4d-df26-49ce-9bba-f9382ad2b528,2023-12-09,2
a529608c-debb-4251-bb97-2dfa20aae9c8,2023-09-25,1
61a08ef0-e250-4fcf-84cd-f53d4e654967,2024-05-13,1
6b6107cd-d41c-4768-b6dc-dbc6b2281414,2023-11-15,2
7f3fb99e-a28c-4991-bded-686ab8c7b94c,2023-09-12,2
9531a1ab-5609-4573-8f5b-5042bd83b6ab,2023-08-28,0
fd8188ca-2c9a-413a-8fc4-e6b3c1c52675,2023-05-19,0
9a27fb5e-3cc4-4d2d-b280-290cca502c8b,2024-05-15,2
a21e4ba6-749b-49fc-a73f-1718fff70ecf,2023-07-19,0
8fd24ab0-0112-4066-b883-b4ae661d2f1a,2023-08-06,1
a2703921-d475-4b49-a5a9-eda3c825cd91,2023-12-22,0
3c7cd270-ba7c-4b4c-91d2-7c8979d4ec11,2023-08-19,0
f302b7c2-e4b4-4a8d-9833-cfb593ea74c1,2024-02-01,1
eab8ec1a-fabf-491a-abd2-0f92a6d6cfec,2024-06-03,2
964b839a-5016-42e4-b8a4-3de301aa297a,2023-08-31,0
01ef588e-8a4e-4a9e-8ad9-e44d8447b7a7,2024-02-17,2
93248e71-3380-4e48-83b8-8cffaa06efa2,2023-03-25,2
de9ce5dc-1e5f-4047-bd6f-4cd32842e97d,2024-03-26,1
6caed0d0-b2c0-4042-9f5b-56af9fd5e229,2023-12-01,0
c507ca05-d116-44aa-9ab3-c297f086c8f8,2024-02-26,0
3fb680ce-4663-45ac-9054-90fb6c00fdf3,2023-07-28,0
e2d8906f-13ba-4d8b-aa01-7d3068d14a76,2024-03-04,0
302fae9b-306a-48e4-a6db-d534eb5aea28,2023-12-21,2
05438eee-9cae-4ccd-98a5-40b3a5f02fb8,2024-04-22,1
930c9077-7ab6-40e3-8058-b18e7e0d8a73,2023-04-07,1
b279eeb6-aba8-4de4-bdcf-2da8c96a4ef6,2024-03-17,2
e88a5e61-f484-4271-a9ff-07832d388d4a,2023-12-19,1
6ed52a70-7845-4823-9571-3f242d97851a,2024-03-14,2
b756ccb0-521a-4b8b-802a-a9f9b316e79d,2024-04-21,1
e3f17aed-da23-4399-8d90-ff23bd458fab,2024-06-05,0
f277c01d-056f-49f1-a5b1-a48b7bccb252,2023-05-16,0
a68222cf-c072-41ca-8152-bc7f211941ca,2023-04-02,0
67ef269e-898b-461f-a512-47d483a110b5,2023-01-20,1
73a26152-1af4-4709-a6f6-c643156690f8,2023-12-13,2
ffa23492-aec0-4713-b5b3-7ea1c8db9ff4,2024-02-16,0
a00792f9-348c-4c30-9a03-4a61d2439355,2024-02-20,2
09566afb-671d-4d06-8064-4e8c95f1893c,2024-05-04,1
f3bce20c-ac85-4f8d-871f-9b86e8c27fec,2024-02-26,2
eb82c689-f15c-4e4d-a9dd-4b1ece90d950,2023-04-07,2
c49cf039-530e-4a92-a049-def553e434b1,2024-01-07,0
ca4de3de-3cfd-448c-b3ff-144c9aa18db2,2023-03-16,1
588325fb-f8fe-42f3-b3ca-eed5afacbe26,2023-11-19,0
be5e8d17-2dcb-4bef-9620-0e7d5771f70c,2023-09-03,1
3daab10e-7532-42e9-af41-c27855739004,2024-02-06,2
a83b3166-fefe-48a2-a029-8e1ab523b5fd,2024-05-17,2
e5018577-81e0-4005-b1ed-c404c7bbe46b,2023-03-27,1
f65c20f4-09b0-4f36-bdb8-3c34e9cea375,2023-03-24,2
a56c95b5-41f2-442b-8541-ef573bc8dfe6,2023-01-07,1
5b94ad60-1b54-4aaa-bcb1-30219f651b61,2023-06-12,0
d7f3cc8b-0a6a-4539-8d33-109bbb0e839e,2023-03-03,2
590ec747-dc7a-41f2-b076-60c4755ebcca,2023-07-11,1
a7de814a-5a3e-4a7f-8cda-3653f6247553,2023-03-03,1
6e7b11bb-d2f0-424c-963e-e51d766b9a15,2023-02-10,0
07a9c6ed-c0c0-4b5c-869d-0c0cdcc9af64,2023-04-12,1
fa104763-c05f-4a18-a02c-cc54d7d048db,2023-09-09,1
97728897-2f8b-4856-a537-f9f61b2737bd,2023-10-23,1
0a7872a7-1f72-4243-af3c-8db428bacfd3,2023-11-13,0
260150e3-2ba6-4805-a85a-1204de39f022,2023-01-04,2
d48e0e4c-97ea-42ce-8985-5900c431f160,2023-12-08,2
02219422-5d22-4888-bbbf-63541f59c233,2023-12-03,2
8d7bb672-f788-4520-b44c-5de4348c5708,2024-01-10,1
91a0abc3-dec4-48b7-aaeb-4b1978e73007,2023-07-26,2
c0b5f604-53dd-4247-8322-b5cfc5ef3665,2023-09-17,0
0ffed70b-f0a4-4418-80fd-1c0c37a38190,2024-05-19,0
6fcfe19b-0e06-4092-837e-d9fd6d83798c,2024-02-27,1
bca5e9c6-c877-440a-a5a3-2bb172f3f25a,2023-07-06,2
8d25b9a1-0da0-4a04-a8e6-7296ca6458ff,2024-02-11,1
105b6696-093d-495b-9e75-0de55e56a7ad,2024-04-14,0
77dcd618-da0c-4a8e-8cc0-7b6f9d640098,2023-09-25,0
2580232f-303d-4974-b35e-ed3b85ba89e7,2024-05-15,1
d8c97bf2-c5c6-4f8f-9bcc-f4d20f3d8ea4,2023-06-11,2
24cb9461-3e45-49be-a21a-e11dea39d18f,2023-10-05,2
08850b68-7e2b-4f13-8b24-a1cdabf14174,2023-01-15,1
e2ace276-f9a1-4543-a3d6-ebd4c061feda,2024-04-10,0
9b86f4a8-ff1f-41ef-8e99-fef6110eae7e,2024-06-02,0
defde340-bd54-4e7e-83bf-b93d6e3bf3f1,2023-05-15,1
a87a3c28-0e9a-4723-a5da-5f831270660a,2024-05-21,2
91fa1caf-b2e9-4b1f-8e68-72a4a33201d3,2024-05-16,1
e20448af-cd50-4845-8c0c-5742f7c0bcf6,2023-04-01,0
456b8016-cc3f-430d-9e18-efdd9b24eae7,2023-07-24,0
fca01fef-5021-4d44-b449-50a05675b65c,2024-03-07,2
f65bfc79-3371-4ea9-8acf-111ecfb89710,2023-07-09,2
2c57737e-1f18-4d1f-81d0-75a9b383fb29,2023-03-12,1
d402a65e-e3f7-45ce-9a95-f70533700258,2023-05-06,2
f9710edc-c490-456c-b57c-65006091d99d,2023-04-16,0
528e9184-297c-4483-98e3-fdfc51f223f5,2023-03-24,0
37c7d57e-eab2-4a63-be23-091053a7eb45,2024-01-11,1
8ddca954-d490-47b6-9478-198c95cdd09d,2023-02-01,1
7607ec2d-b7a5-4a05-b94d-324f04293e41,2024-05-31,1
e3334f49-3b83-4397-998f-0fb02a284ecc,2023-10-13,2
326ffc63-9842-46c1-89cd-9e905121e004,2023-06-13,1
8e3a98f8-477a-476e-8938-58fce8c0d437,2023-06-04,1
723ca1b2-b83f-4e77-b93c-b72bacb212a3,2023-04-28,0
133abfe6-7982-4d41-ab21-18b36dc3f75b,2023-06-09,0
235ef2d6-877d-4aa8-baab-8c1fda069fd0,2024-01-10,2
74be0c68-4496-4579-9e6b-056f603d1136,2024-02-10,0
4a63571f-916a-4f0a-b0f6-ed9546c81d07,2023-11-10,2
c75fdeed-e1b1-4e3b-bf7c-fcb09f8ed9ab,2023-02-01,0
22190313-7f0e-48e0-880a-633e5094f09b,2023-06-01,1
f8d0ec06-239a-4201-aa3f-215c1b84edde,2024-01-10,1
87246345-6eb3-4e0f-8d9d-0034da095231,2023-04-03,2
e1d20ed7-8568-4753-99b7-79591b4d284f,2023-03-17,2
7de4ee46-2bb3-46c9-b192-8b61c5523c96,2024-04-22,2
2cdca53d-a430-4638-8681-a8d4e9b8d5b5,2024-02-11,2
9c6d7f83-94ff-4be2-b308-421b303a6d3f,2023-08-27,2
094dd174-8269-4601-a9f5-ebec3ac89ff6,2023-05-16,2
a39963f0-3a7e-4784-9e44-099100a62255,2023-07-07,1
cfbb9aa3-e1d0-4c7a-b64e-7c0b410748e7,2024-05-01,1
8581e988-e5c5-4317-9235-7b499b17d0a4,2023-06-24,2
744d9ac9-7c1f-4cb5-aa6b-d7efa3acb939,2023-11-18,1
143eacbe-8c0f-4293-a8f3-f5c1f2389300,2023-11-04,1
a64d5557-a1df-4ef0-a21b-aa0974c6cb7f,2023-01-11,0
469faf5a-7b35-4eb8-8731-a968166d682b,2023-05-13,1
daccd3df-71ec-4e40-99e7-af16ea5f91b4,2023-04-18,0
7bf6ddd0-e51d-40ed-a097-03a828678409,2023-11-01,2
a4b155e8-66e0-413f-9832-f569093eea94,2024-02-23,1
53d8382d-0f02-4c54-8a85-41e32ceafb5c,2023-09-26,0
63650f62-a05c-4a43-8a0a-bc20cf3e99cf,2023-01-01,2
a612bb28-4ae7-4b1c-bf8f-5654a280189c,2023-08-23,2
f9083ebd-1d13-46d5-a420-feb3fb0444f6,2023-02-15,2
83a8cdc2-7d4f-47cd-903d-b41699698ed3,2024-01-04,1
98336dd2-0a28-4dee-ad8f-768fdbef7e80,2023-03-26,2
18b7d74b-d27a-498f-8fbd-5c9ef4697da9,2023-03-01,1
3f02bb11-b62f-4d69-b880-c0a7d73e004b,2023-07-29,2
e9a1549d-7c20-4b5e-9b27-707e026bb5a3,2023-06-10,0
3c7812bf-f110-4bfc-9095-0c2fd40845c0,2023-01-12,2
f577399e-9b38-4e8d-ad6d-468874d8e8f8,2023-07-27,2
f8fc875a-6ff2-4c4b-8eb9-0687046bd24f,2023-06-25,1
60e85186-8b68-4cc0-889b-64f546a47062,2023-04-05,0
a7e5424f-796e-4e3f-8fd7-adc1f81bd9f9,2024-02-11,1
0f26a3f2-c7bb-4c80-a41d-43144c9e8d7a,2023-01-16,1
6830d236-f609-403f-b86d-12e726d6db6f,2024-05-23,1
30f29365-a927-4f65-a5d3-b2e30bf65a56,2024-06-01,0
55d5a523-b188-4821-9ccf-9274a20d68d9,2023-01-01,1
2666c71d-76db-44ff-8a16-6c6c758340f6,2024-02-10,1
6c139c89-3b7e-4cfb-96e6-572a7ae27c10,2023-03-27,2
cd455124-9e1e-4cb5-8b96-c2bb8667f5c5,2024-02-22,0
110125da-f4fb-4ac9-87a7-1e4ab895309f,2023-12-11,1
6968122a-6c4a-4477-b56f-057be5b45cd1,2023-05-14,2
c5ea442a-37f1-4550-a886-5b21d59f9ba4,2023-11-08,1
01e1183a-aea9-4597-8b32-cb695d150bea,2023-05-23,1
5d525a03-12cb-4ca2-b88b-55da60a7992f,2024-03-03,1
cd762b30-65a3-4a2c-bd37-e9967f6fa44e,2023-06-23,0
b5e4d33f-d336-4a77-8359-3a7bfe776abf,2023-05-13,2
9b907c60-00ac-4777-bd83-1218a1a6e29d,2023-12-26,1
5cad7c8f-e6bb-4341-a7ba-f3a725a2b48b,2023-03-26,0
334d9580-3a2b-434b-905c-bfde577f3f35,2023-03-19,2
f1bfa851-2385-4e38-83e3-63398d699e90,2023-01-12,1
190bb1e3-8cba-4a82-9b52-a869be1539c6,2023-11-03,1
683d1850-3100-4d20-ae6c-a8e904e66462,2024-05-14,0
aa15af03-0996-4141-a9dc-5663800b30d1,2024-04-25,1
9a40685b-3a86-4021-9e8f-b7d8afd0b1a9,2023-05-17,1
ff9061d6-8105-40e1-8a76-df0ec754f5c5,2023-05-23,1
c328d732-d5b1-4153-9d76-bc68a7b569ae,2023-05-09,1
45347ec2-63f2-44ba-aefc-97dc0c9c87d5,2024-05-09,2
f385ff21-d999-49e8-a263-d76db72ae6d6,2024-05-18,0
2e24fe3b-c31b-4cf0-98ec-c3415ca9d028,2023-11-25,2
ffec5ab9-293a-4fd6-9529-fa2649dd523c,2023-10-14,2
70903698-7ebc-4867-b68d-27016519c111,2023-06-04,1
832352cb-0610-4dbd-8df1-ddf48ed32418,2023-06-26,2
681f71fb-0089-4067-a7a0-2da9b4e3a3c8,2023-11-12,1
0b6c7e7f-b07a-468e-a76b-6601622c5a28,2023-08-09,0
4bc212fe-416e-4c33-97f3-4acbc6d3cd96,2023-03-02,2
02ae4765-6f1c-4e32-90ae-52c177257650,2023-12-30,2
9857e6ed-ab10-4fa1-baaa-442bfe2c2c8f,2023-03-31,0
4c9c61da-7c1c-4dcf-bd8a-df15c6d4a4f7,2023-03-12,0
0120b81c-102c-459d-ad0f-d27ed271e9d5,2023-04-30,0
ab51b5a1-a120-4845-9f15-8c9e06dfb88b,2023-03-18,0
bf733770-4a87-4faf-98ad-7ea3602dffa6,2023-12-22,1
e1587fe7-96cb-461d-b747-dd54168b3c8a,2023-03-21,1
db4fa3be-f0e4-47b2-8389-948e6adb2fcc,2024-04-12,1
8ceb1bb6-0f72-433a-9f78-1340ae5d188c,2024-03-21,2
b3f52c79-7f59-4315-a02b-814e93ab277d,2023-11-15,0
a48ef8b9-93d3-43f6-9856-b1463c7c10f9,2023-03-27,0
32b1a271-fc9c-468f-9373-1fb5a6e61149,2023-07-07,0
d73acd09-e143-43a6-983b-48dc0ee3cf00,2023-02-08,0
e2f6fee4-1d0a-477b-b81c-3a1e717b88a0,2023-11-03,2
272580c4-96e3-400b-86e0-230f3a57b97f,2023-03-21,1
f6463220-adc7-40a0-863a-99bbb34d48fc,2023-08-28,1
7e63b979-097a-4a91-a170-afb9e1bfa8c2,2023-05-07,1
9aea9e34-21e8-46b2-8894-0db08e84f09a,2023-08-08,2
c538625a-107e-4f6a-83b8-67ace924878e,2023-02-26,0
c9893afa-8fcc-4ad4-9b27-4a8dea255ca3,2023-07-02,1
afdf289f-e4ba-42d9-b44b-205ef34405ea,2023-01-20,0
bed5fa44-daf0-4109-93c7-8550809d1c45,2023-09-16,2
3b02ca96-d0e4-4d7b-9909-7aadef277900,2023-02-08,2
904ae629-c838-4a9d-83f5-35bc65033b15,2024-01-11,1
5a91cf87-29cc-4e86-81d0-f0d507fca571,2023-11-21,2
3be058ab-76c5-4f27-badd-6692c24ae934,2024-04-02,2
7fcefdf5-5dde-4bd7-a553-618211e58ddf,2023-10-16,2
8fa06340-e517-468d-8e87-9ba707c9b999,2024-06-03,0
9f9d2583-b2d0-4491-b71b-16401a44fe27,2023-01-18,2
a8f74551-ea0a-4da6-9404-eca3c9c9bd27,2023-10-17,0
0370963f-e51f-48d8-8ada-e3a93973dbc2,2023-11-04,2
40dbd62e-09ad-4934-add7-3fd79dcc04b8,2023-09-28,2
288822ce-09d4-48b0-a697-a8e3f8f55603,2023-02-23,0
2ded8920-025f-4516-a543-81e80386945b,2023-05-13,1
66f6a6c8-59cb-49d7-8ef2-2dde28090f8b,2024-06-05,1
c40bebe9-00b3-4f64-86d0-c559e5c81815,2023-03-17,1
1cd51691-9dc5-4796-ad73-aa486ae3a900,2023-10-04,1
c905a7fd-f08f-490d-97ee-77b23652de56,2023-12-04,2
fbf6faa2-49df-4cf9-835d-2c240f8ae740,2024-02-29,2
eeea32d5-dec9-4efa-bf25-3c42ec569b50,2024-05-01,1
0b5c5438-0f03-41f6-8351-74b0ce71ff71,2023-04-01,1
717bcd7e-b300-409a-b2b8-d255f954220f,2023-12-12,1
be53d58b-ee61-4112-bf41-f5f02d290364,2024-03-24,0
5044e3b9-acad-4ffa-b8c8-362dcda80b9f,2024-03-15,2
c32d34e6-7156-4afd-b0f0-5c3387102f93,2024-01-05,2
dea1a29c-6bb2-4b1a-8a90-991e775f4ff7,2023-08-21,2
99d00121-1a85-40e4-8ee9-3a6da7af9e69,2023-06-20,1
3b6c668e-0093-4f2d-8857-41d7f38950d9,2024-01-25,1
365f4d17-0791-4286-98d4-2d3cf77d9e12,2024-02-17,0
4957f4cf-db70-4c0b-943d-d4ca7a4d7183,2023-02-28,2
4e314d65-0065-4e7d-af69-e0f6b2465b42,2024-05-16,2
ced72135-bcc7-45ae-bfa6-ce61a22086e2,2023-10-09,1
16c0b16f-210d-4b8e-82d4-d2b362d56729,2023-02-18,1
38816bda-43ea-4af4-8102-e0c69a3fbbf6,2023-09-18,2
05d6d254-f865-4ff8-aeb5-37137145368d,2024-04-08,0
df824fcf-3b19-4979-8b45-bb74bb4a7166,2023-03-27,1
f972d589-6605-4cb8-87e0-9b81b9616e49,2024-05-21,2
46ea2eea-cdc2-4d36-ae00-41395fe10141,2023-02-18,0
7fc9d80d-2e23-4a1e-b328-5c60b35f8396,2023-09-16,2
3a16d179-365f-4c88-a4fc-22673813779f,2023-09-16,1
a787984e-fde3-4b14-ac75-b932e37eddd1,2023-02-16,0
4271442e-0d75-482b-a1ac-1fa15cef694b,2023-01-18,1
a7f6d16c-64a5-4169-b079-10bb47890e56,2024-06-05,2
b2f7992a-435b-45df-8070-5e9520702ca2,2023-11-15,0
9d078053-d162-4539-af0b-ee26adbad450,2023-09-28,0
38e44542-410b-4e2e-9ef4-743b9adfa980,2023-06-10,2
61863c9e-3c86-431c-a9d5-403ae5c2a2e3,2023-07-27,2
66f1192b-18b3-47e6-8abf-a3a696abf1b5,2023-09-09,0
8ae540a9-2628-4219-8b61-4693c49bd716,2023-06-30,2
7b5aa291-f66a-4f2f-b9bc-8c3b2feef76d,2023-04-18,0
2ff3be64-a684-4bcc-a7ca-3b86f6d096c5,2023-10-20,2
3c12a05f-8e0b-444b-a5e7-df03ff76cf96,2024-01-20,2
e647b000-9ac0-4bca-aa37-b453acf452ff,2023-11-24,1
b674d391-9c84-47c2-a268-9c97c33ba138,2023-02-01,0
072f2e15-e1ac-439f-89fb-85d3f6e0b0b0,2023-02-27,2
3b24be50-7255-48d1-993e-50d42646fc10,2024-05-09,2
ae2e8132-c8e7-4919-9e21-9ed751770a1b,2024-05-30,1
85492122-b3c0-4c46-b760-091dc83d5690,2023-09-14,0
f7651940-4098-4b4b-aeb2-1723a6dc89b2,2023-08-06,1
88dfe94c-d140-4f03-843b-d3c0fb21e653,2023-12-18,0
69983ae8-76b9-445b-ae67-7aa595134fb8,2023-07-15,1
a7f93a9d-32f3-4932-825f-b70e737091a2,2023-04-17,0
98d5d370-7606-4351-a8cb-aa09868329dc,2023-10-01,2
29bb8f98-1606-4ffd-ab8a-ceb6b07ae7cb,2023-06-08,0
b546bacf-99bc-4163-9d45-493f2896ba2f,2023-03-30,1
d7c9d903-3d2b-43de-981e-f5bc3ea7f78d,2024-06-05,1
107ac9d1-8a56-48dd-bb7b-c5bc5ddf7118,2024-04-27,1
514b45e1-a511-446d-be47-e34db9e88636,2023-07-06,1
a38c07d0-e502-4124-b133-a557911e7ec5,2023-04-11,2
017388c7-54fa-4f4c-a7c8-a53934adba83,2023-04-29,1
45b85de1-fdf9-4efa-9ff9-92eb6c3593dc,2023-01-04,2
c22c2d14-c739-4244-b857-7b1d5027e71f,2023-09-19,2
3fa0667b-19ec-4a1a-9e10-0fba3bbbe862,2023-12-22,1
92294d3b-b45e-42af-b381-3ff8bd377e8d,2023-08-28,2
e1e25ea4-c807-479e-8ab5-304ef3bcf804,2023-02-24,1
11c857c7-b247-432f-ac6d-b8be05aadc74,2023-09-27,0
d05d5e78-c2a6-42f3-8cd7-ddb6021c41d6,2023-02-11,0
e1d7dd0e-7df8-4d72-a5c5-a78718182dc5,2024-03-23,0
864920bf-5f30-47ad-a2dc-00ee96bbe1f6,2023-11-07,0
9993444a-6c31-43a7-8f3b-b7fcd0903391,2023-04-21,0
07ea29a9-00ec-4ab2-a553-29b401175652,2024-04-30,0
51204db8-bec0-4880-afdf-7bc6d8f4334a,2024-02-14,1
9ad162c2-9234-4ce7-84af-f596bf1bf193,2023-04-26,1
b74a2453-87e6-4e7d-9d4e-0e4b32d818da,2023-10-13,1
67ef4759-6564-483c-a248-2934a3904ba3,2024-03-27,0
f284b66f-7ecb-4907-9c7f-e406eb14f06b,2023-10-18,2
c3366755-5dad-46c2-9181-3293770148a2,2023-03-03,1
e35116c6-fd6f-422b-be99-213af6843f52,2023-02-28,2
05b72da0-e6d7-4f62-ba17-92e00b1ebec9,2023-12-24,0
0be7ee2d-392d-4d21-bdb3-79f81c22f32d,2023-10-07,1
c52bd636-bd79-4fc3-9f5a-6fdfd2de0df9,2024-01-10,1
8eebde5b-1c57-4816-bf2e-6ff2db3d8d3b,2023-07-05,1
9499bb94-86b1-43cc-a106-a45ff482b419,2023-09-01,2
c067321c-017f-431d-927f-46c43401922f,2023-09-01,1
aa1e48b7-0091-4e98-bbbf-e7665faa5556,2023-12-20,0
fa63e891-d32b-4a43-a512-a3921450e2a4,2023-12-25,2
774d9264-765b-411c-b649-1af0537c9ae1,2023-07-26,2
206c8586-40b1-48fd-ab47-2004236796e1,2023-01-02,1
68ef1b96-04c0-4081-83bf-c5d471120a9f,2023-08-13,2
1e5a592a-d641-4205-8674-d2f4075280bb,2023-05-08,1
8e3376e9-77fa-4ffe-9de2-ad3541107327,2023-11-24,2
16d48d90-0178-4b49-b39e-634e2793e0b2,2023-08-12,0
4702b5fa-cf3a-4650-887a-72ffb5d8c41b,2024-04-13,2
70534dc8-0a05-4314-9df2-821aef502b19,2023-01-08,1
c0d84860-c9be-42a8-8b80-5e06ec4519d0,2023-05-08,0
6d86f08e-9e7f-46b5-bece-354e96576b5b,2023-07-12,0
58c9e5e8-a101-457f-a0a7-ee04052304a4,2024-05-31,1
a953470a-6035-40a9-acb8-77ef2dae5353,2023-01-05,1
bb3bef06-d1c8-4cc0-9155-fa1d068875af,2023-09-03,1
0bc0550a-756b-431c-9c0c-60f6dc7a5648,2023-02-09,0
0d840fc1-fd43-4163-8a3d-c9c39b4c3864,2023-02-28,1
3a3683fc-c135-4dc2-8812-a9466dce7df1,2023-03-02,1
14e44a85-4317-4c9f-9338-04cbb2e15087,2023-09-16,2
4c35d305-02da-4c4d-ba31-87a611043c79,2023-08-15,2
92d8f38d-c9fd-4aab-910d-bc90e1f9e342,2023-02-23,1
c9072cee-e085-42a3-8f12-933007de2bec,2024-02-07,2
91614537-4634-4bd3-80a2-7c763496f703,2024-01-10,2
9876cbf7-19ad-449b-9e14-d49d641376e3,2023-02-28,0
32a8a1f1-fe53-4159-a032-a22f4a65fef3,2023-02-02,0
c58c25f8-8aa6-4499-b41d-0b8f48e3e9df,2023-10-23,1
f80afe66-2a92-4d38-95ce-3457cb3425ad,2023-08-05,0
ca81f124-e818-4276-84a5-c4cb5ff0584a,2023-01-05,2
e5314ca8-285f-4a2b-98b3-9b05467062e7,2024-05-19,1
8dbcd96b-e3ee-452c-90bb-57683025926c,2024-01-01,2
7d687b3e-c263-4f58-b072-e15b8484dd77,2023-04-16,0
7a308b8d-d129-4433-850e-23ea5c0de945,2023-09-09,0
4750e466-69fe-4e76-be82-fdeac1362b76,2024-06-02,2
edc1902c-b4d6-4f1b-ba6f-ed61f2d6945c,2023-02-12,2
c78257af-f8ae-41f3-9b85-37a27404e13b,2024-05-11,0
574d7fdd-68b6-4cad-b3ac-b30da8d3827d,2023-11-07,2
6f102f1c-9f4e-4958-8001-aa819e933761,2024-05-07,1
7664de7a-da73-4989-a020-e022ffba17e5,2023-03-23,0
d2316bac-0802-4d35-903f-6376d565140b,2024-05-12,0
423b72e0-7665-469a-9fb2-306d2988da82,2023-07-16,0
d1c852e5-47f7-4011-9df9-10f8e63fe862,2023-03-27,1
a6be542f-e1b5-4df2-a7f6-63f828f628a9,2023-10-15,2
49175a01-35be-483d-aaa0-bd5fcd35794c,2023-11-30,2
d51e6d9a-45bc-4711-bac7-84dea701cce8,2024-05-12,0
b542d767-94fd-4ef7-93be-53780c0f08a0,2023-08-12,2
ac5fc2c2-32ed-4689-8af7-5a3e6f4f710f,2023-01-03,1
a68e88c9-9127-4f6d-a7e2-5d4a0b73e2e5,2023-02-08,2
2f1225d5-6136-4389-8176-4a499ca01dcc,2023-10-18,1
d02d1afc-b6a6-4313-980f-c4a6509dae09,2024-02-19,0
9806a5c5-80ac-4a06-b511-3ac4f6612945,2024-04-11,2
1e46ac85-063f-49c7-8d7a-c4f18e062ad5,2023-05-19,1
94fd2eb7-13c1-42bb-a2be-a835aaf1f5e3,2023-09-02,0
5be07c93-57d3-4181-9c6b-b9020715d94d,2023-12-24,1
13a01bdc-ac25-4edc-b459-0aee1e3fe571,2024-01-24,1
30356f7b-1e53-4228-bbac-f088f8181081,2024-02-02,1
2e032aa3-bbfa-4d85-ac04-e05a50e42d35,2023-08-04,0
34994daa-8981-4e90-a216-4d4fc9e2c36e,2023-10-07,0
0d1ea25e-b126-434a-aecb-225a75542f16,2023-11-20,1
78cc450f-8a0e-49ca-a277-649be0a4b381,2023-09-20,1
c8855152-c965-4dc9-9cc2-05d779c9bf66,2023-04-27,1
639fa930-3282-4148-88a4-49126361eb63,2023-08-13,1
48ec9197-4cae-4757-9955-cceaf932da64,2023-03-30,0
63c69b19-b388-4d03-8670-cca27d1cc80f,2024-05-15,2
7e9d3de8-5f8c-43b1-b721-9d6c33238370,2023-05-19,0
2d6e7bc7-3638-42ee-8ede-c45627a5c00b,2024-02-11,1
60ab9911-aaff-471f-b11e-abebee957abc,2023-06-25,0
15a1c3e6-1b29-44b4-91f4-71c2ad0ad32a,2024-04-06,2
8ce0c561-3789-4ed5-b626-f5a02de789bb,2023-09-16,1
ccbdf43f-1c0a-4008-b84c-834c97da3953,2023-02-11,2
61d3fb76-584e-4f1a-bb0d-9fb7a206b695,2023-04-01,1
6e34b10f-1aac-4f61-af83-72e168109f7f,2023-01-21,1
47d0fe26-3216-4e2a-8c13-12392a467d94,2024-01-20,1
d91b2b9c-87fa-4ec6-9179-2d9adf17ea43,2023-09-26,0
111392b8-30ec-4ac6-baa5-16c13ff5aa7d,2024-01-04,2
13af4987-1450-4a2a-8da5-6671114cc711,2023-10-31,2
76ef8c74-9c63-4446-9e99-50834c23f932,2023-06-07,2
f2eab4ec-f14b-4182-b1cc-02b370dda5f8,2023-07-31,1
c4ff1fdb-cbbe-4927-a3ed-430568c1a394,2023-06-26,2
33916af5-cb02-4509-8b99-9b1088ad6e09,2024-04-21,0
ce077f3c-30ba-4aae-a812-9b0788b719d6,2023-11-13,1
07d498f6-02a4-48f1-8626-81edb7a6581a,2023-02-07,1
2fce90b7-1c71-437e-8c38-d4299d5ff465,2024-03-31,2
a29a81d7-84bd-4a0b-a178-e413f1c12720,2023-03-29,1
82a5684b-77ab-4e6c-86eb-c18e2cff3f56,2023-12-27,1
f9a29dd9-5380-4896-a4e0-405815350149,2024-02-06,2
15a5842a-7b1e-4580-b016-446885908159,2023-08-18,0
a9083f98-850d-4614-8ce1-3680cd805337,2023-09-30,0
053271f6-2d17-4b82-a820-0766082fdc28,2024-02-13,2
eb530214-10cb-4aba-bbc2-c1df65f0da3f,2023-01-30,2
59e81bbb-8bd8-413f-9134-e7bab163464d,2024-02-09,1
334a749e-dccb-40a0-b464-3f0b8232d9fd,2023-08-23,2
c9db6e72-5361-4225-802a-24cc9f2b31ea,2024-02-22,0
f7c344ef-910f-467a-9387-5f179a1b22b0,2023-05-22,1
69db5f8c-1929-4212-b420-ba9747f93b3a,2024-04-12,0
74fc27bd-68ee-49e8-8bf7-b3f58e23ec20,2023-01-28,2
f539e69e-36c8-4dbe-a4cf-cc578b94e18e,2024-04-21,0
5f3fa5ba-1045-4173-87bf-6e565476fbd7,2023-02-19,0
9926d4ce-9006-44d2-92ac-2bbfdcbe6c44,2023-02-06,2
77d12c69-f0dc-4bd3-bccd-f400d0c182c0,2024-03-11,2
5c1f7b3f-0718-4c45-86fd-17ff9aa7c483,2023-12-27,0
d6f251cc-e316-436f-9ab8-e3d2391e93c3,2023-05-19,1
2c74e57f-cb71-447b-9c48-e5c7cfdac04e,2023-02-23,0
bb752dba-ce53-40aa-a509-1324f78e346a,2023-12-16,0
e8975170-0e9e-4fad-bd1d-af9131515d62,2024-01-13,1
7dab49af-4f96-4fd9-9654-96afe5d3f64d,2024-02-29,2
b986335c-5894-4707-8058-9af2522469d1,2023-09-03,0
95287874-bf8d-4b34-bd63-ed2d082a588d,2024-05-15,2
0fcba190-db73-4e76-8709-16a8feb3b55a,2023-08-09,1
ae6d2ab6-8c5c-45ce-99d6-99b57bc8b186,2024-03-19,1
a1b88c08-be2a-42d4-aeb7-23812239cf87,2023-04-15,2
826f17d6-6bff-4207-a177-7ae9195a783f,2023-04-17,0
b1577dbf-5ec5-400c-8920-fb0e23daee84,2023-06-19,0
8c520a02-e2e5-4ed3-8dbf-f9b54a29d228,2024-02-04,2
d3981204-0f58-4ecf-aa66-d5b74b65df3b,2024-01-10,1
4edcecaf-aa48-43ae-a1f9-dc32cbd4e2b6,2023-09-14,2
cf97c0d4-a9d4-460c-9a8d-8ba92f1004a1,2024-04-23,1
c232e0ce-e3fb-4464-8aec-9441cb6e6895,2023-11-30,0
b3e0268b-88a9-4493-92b4-d72c634c5c8e,2023-05-09,2
e94aa226-7b87-4f42-8124-b82b5933fbcd,2023-12-16,0
4b4fa03f-3398-4620-b18d-5556a78a0e49,2024-02-29,0
af487cc7-acc2-4818-97d6-a10ecae32de7,2023-12-24,0
0860686a-6751-4926-b2a9-87facdbd4c99,2024-02-09,2
1fb8ef2a-18a5-4b4e-b357-553c13e54892,2023-03-21,1
f5d1f063-cbcb-41e6-9546-fbdce465e74b,2023-09-14,1
fabb2bad-a227-4a1f-bf21-e9314427372a,2024-03-12,0
3f194132-a2d8-427b-828c-f0b1c7a2665e,2023-08-07,0
0265464c-f6ee-45f5-b23b-c417fa54dba4,2023-05-13,1
c2063388-f5dd-4256-b985-eb38995c6294,2023-11-08,0
d4c637e2-fe40-4b3f-b5c4-e7fac94bb79e,2024-04-18,1
3827430f-4dff-437f-be5b-dbd1185578cb,2023-04-11,1
0f272758-6232-4fa3-8d12-4770ea504947,2023-11-27,1
e2c795f9-e462-447e-a56b-3e3328f4f6bc,2023-04-23,2
c738fb00-9472-4b0d-883d-8960223a5e66,2023-07-18,2
8c430413-327d-4c55-a5a2-aebbe55510b2,2024-04-15,0
c02268b8-cc05-43be-9383-c3faeaba7397,2024-04-01,1
ca09c697-3ada-4a88-a9f9-2b780b454d95,2023-01-06,0
768564fa-6005-4809-ae2b-eea3edbcd4cc,2023-02-25,1
f41624e3-c4d5-40ac-bc28-d24c794ffbbe,2023-06-22,2
3c6ad9d7-f655-49b9-bec4-b8e71debf5d1,2023-12-08,1
51ec555b-7566-474b-85d5-a7406d256987,2023-11-24,1
a944d597-f1a7-4728-afcf-742f491c3559,2023-07-16,0
3a1e0c7f-9b3d-48eb-96f7-fd99a8101cc5,2023-03-25,0
6833e711-eee6-45da-9bfe-9c1b8e55582a,2023-09-30,0
de39f6f9-9645-4eac-a29f-d83ec668de6e,2024-02-06,2
2fb6db43-82c4-441f-bf0b-c979a08e0f8b,2024-01-12,0
a3a7b0c6-573b-42fd-9967-2abe7e7c3e7d,2023-05-26,2
5a84e3fe-ba61-4297-8589-cbe7c2c98425,2023-03-21,2
0fd83e14-3d8f-46bb-8a14-7b1d0fd08e02,2023-11-28,2
4ebfad6a-1323-4bf6-8cad-747bae578d05,2023-08-14,1
abc23a54-7bb0-4b71-95be-3815a34962b4,2024-03-20,1
d0aef83e-b042-458f-b498-23006e459824,2023-04-09,0
67e7f4b8-9dde-4391-a81d-f7a4ddb9dcc3,2023-03-24,2
e599a7cf-4d07-4b23-a532-fa7f05a28315,2024-02-08,0
06afcdc3-c6b0-4afd-9a80-42ac43b0283d,2024-02-01,2
5447d8ee-5439-406f-91c8-b733606f80d8,2023-12-02,0
2c2aa73a-1ef0-44a3-9294-7205ac811ad5,2023-03-26,1
ec22bd3f-4fb2-4551-8d33-b4eb5799d251,2023-05-25,0
8abe0e1d-7f9b-4daf-bae7-75b91ca6d902,2023-10-15,0
143547d0-d8e6-4a90-a0f6-6457a8500271,2023-07-15,0
6f959950-ceed-4fd7-acd0-0b6d0e6ed19c,2023-02-03,1
e9b7e2aa-cc15-4df0-9927-a212c850ab2a,2023-01-18,1
ae9e97aa-a91c-4626-b38a-3c680650f8c8,2023-04-12,1
b8d75dd3-9d55-4b8d-a417-617bddfeef3c,2023-05-26,2
18fc7a8e-26dc-4ad1-aa9c-376122208c42,2023-03-12,0
b6386088-46b0-457a-b9c8-bef5ee4d4571,2023-08-22,1
bc3312d7-f11d-4e95-afb2-5b6a75e8e248,2023-10-03,1
d3b067ab-a5c2-4ec4-9fc3-781190c7ca81,2024-04-28,2
23931b50-a941-4fef-bf0a-bb2b5cd959d8,2023-04-19,0
44e82e30-2136-4132-9c66-e4f61f8a7dc4,2023-01-25,1
cb793fba-202e-4ffe-971f-a3c257221ea6,2023-06-10,0
09c413cb-4146-4313-ae83-34fb5b539d4c,2023-03-14,1
14ff653b-5293-45d4-9305-c58fe50a43b3,2023-06-05,1
02bba0a2-d591-4541-89f5-ebdd2d2078fc,2023-10-05,0
c83260e1-1c81-4fd4-b2bf-9652a6c9535a,2024-04-06,2
4caf2cff-1cde-44b8-a098-9b8819642949,2023-06-01,0
94a1075d-1f41-46d2-91db-f56301d9e10b,2023-10-07,1
184e0d8c-f403-4fe3-8d18-73b6467995ff,2023-06-21,2
b5fc08fe-fcaf-47f8-a312-cd9eb5bee2e6,2023-11-11,0
f5b8c49c-f310-409c-acf2-c778ee58eac1,2023-11-08,2
42f97a6b-f2ce-4168-b1a4-171d848fef4e,2023-06-19,1
845d3f62-3a14-428f-83d4-c66fb563fbac,2024-04-27,2
51a4c912-0783-440f-b4de-60a614df3acf,2023-11-12,0
c4ef527c-4d72-40c0-a1b2-22d749e63d11,2023-02-11,1
b97de6dc-d9d8-48a7-be55-d0fbf1855ca2,2023-01-10,1
b333359e-1319-40f9-9f71-3783172c82dc,2024-04-17,1
4bd98923-9a47-4f29-9d01-a42859120b02,2023-07-11,2
0252900c-20fa-4dbe-aa10-99e8b054fc65,2023-12-16,2
187138df-dce4-47f5-a3d7-10fedd48f883,2023-06-23,1
c759ffd2-f758-4f4e-97ce-62121cd1c729,2023-05-28,1
392a498a-0edc-43f7-ae84-b8870e1afed3,2023-06-05,2
a6d3743a-ff57-4152-a394-65e8579ddedc,2023-11-20,0
e945659c-d9ff-4b4e-ab0d-c04399ef99da,2023-08-11,0
ea3fecf8-6f7a-4f56-8df7-d8f2460a2814,2023-01-24,0
ac64f8f0-d545-4f2a-8212-263de17f3085,2023-03-25,2
d09b6db7-e1f5-40c0-bc09-cb5049725d4e,2023-05-19,2
9317d5d0-7b12-4619-8cd3-25432cdfde4a,2023-01-13,2
f754a5dc-1086-454f-99c6-c96ff2ce57b0,2023-04-12,1
4c4d8b15-8495-4e6d-8ed9-30ee6a883000,2023-03-19,2
67b06cc9-58d0-4bed-a28c-73d4d0109b27,2024-04-21,2
ed019333-58f0-4c53-b192-09d1d1eb862f,2023-06-03,1
aa2c47ba-3c30-41c7-bc1e-2fb6abc3db83,2024-03-05,0
180ad2de-c39c-4c75-8bf2-97e71af6a0ab,2023-09-16,1
e5ceff7c-9e35-40df-9611-f0573771a154,2023-06-04,0
f93a1245-5902-497a-b8e2-ab13a6da3479,2023-03-14,2
b4b8c557-7098-4816-bc78-281db6eab69b,2023-01-19,1
79c10e1e-84a7-410d-9e4f-b74be49ecc6d,2023-04-11,1
0b2f7906-aa0c-4831-94fb-1d95c0f3689f,2023-01-04,2
9d81f7b3-57c0-49c2-864e-011fef6c5081,2023-10-13,1
74d79d5e-7a80-4703-99b5-451d63595bce,2023-10-31,2
970b0a35-3f0c-42e4-9237-fa1a38e78a64,2023-02-07,2
fd2f0900-1c66-416f-b059-3ef2eb22bb40,2024-03-25,1
89276c5b-8fe5-40f6-a60a-035bc83da264,2024-04-03,0
a54f96c3-0983-4d90-bf31-f75ca08a726b,2023-07-19,2
8ba06316-8eb8-4620-8b42-c4db974f6ffe,2024-04-02,1
036526c4-f8da-4ce6-a33a-aff0482df9db,2024-05-23,0
3fdc7280-790c-48fd-8014-a0258eca9807,2023-10-31,0
19c0337b-350e-4b3c-80df-3cba715940ea,2024-01-31,2
5aa584e9-8e93-402a-a5ae-2e5a0c1a7c55,2023-12-04,0
462f00ac-8330-44fe-a366-614b0c6f2a02,2024-01-29,2
2fc6d899-4dca-4580-bd80-595be1acb05b,2024-05-30,1
7081b80b-299c-4176-8c5c-6be1610f2ec9,2023-10-27,1
965bce2c-d0d0-4a4b-9651-098aa71e7ddc,2024-04-08,2
c608e77b-7ea8-4fe1-95dc-43ce0ff06d82,2023-05-18,1
fddb86b9-6be9-4c27-aff5-cc27fb2249ba,2023-01-16,2
48e5d136-7de8-4a70-87b2-e7e43ee6f804,2024-05-24,2
19c79f3e-f5b0-46f0-b5ee-b54e5261a97c,2023-10-06,1
1caffcaf-9c8c-4755-ad95-9c2e063cd953,2023-12-22,2
4b5b73eb-a203-4a9c-9875-ae74c63e9a80,2023-11-09,0
4b4abb87-82e1-498e-bd1e-70b4121155bb,2023-04-17,1
9d2529ff-8e4e-438a-bf7d-76d7c142148a,2023-11-20,1
510d4659-6928-4247-9c15-8e4379728ff5,2023-05-31,2
ec90958d-ff03-421f-a1a5-72c5b1c5393b,2023-05-09,1
4ca9643b-0a74-4b9d-9289-36889d881695,2023-06-16,2
69c658f9-a299-4d93-9496-a09c76a9b5c0,2023-02-18,1
90e94e75-5f79-4246-aff1-8495efd7ff3d,2023-04-15,2
6919a096-1adf-40a3-a4aa-91f0d56399c6,2024-02-02,1
f59389b2-7349-42fa-87f5-a865667e7c99,2023-09-09,2
d5609898-5e44-4196-a1a0-c8f03a3dcc53,2023-05-08,1
2131d458-4e32-4f2d-a2e4-573b2a87e476,2024-05-19,1
20a9418a-dc0c-4171-987f-5e151d919f28,2023-01-29,2
e38d971e-47d5-4709-9926-0ec084c95e09,2023-08-13,2
2b6bbfce-e9bd-47d3-8942-52537c5e9dbe,2023-03-20,2
5efe06d5-a3cc-4ce0-be0f-e9b7a5fc91b3,2023-04-29,2
3e0ceb49-bf17-44dd-9e29-3db0854c5612,2024-02-09,0
58d9e1fc-20bd-43eb-b109-9af140874dd2,2023-06-03,0
1163022e-c298-452e-84e8-c45148b056ca,2023-05-26,1
8c8bb9bd-9631-4381-b03a-cbda735d04e5,2024-01-10,1
34beb126-40d1-4dcf-a867-d252fc96b4ba,2024-01-20,2
e002f091-90ce-45a6-b90b-93e08af5f25d,2023-10-01,1
d3ccb5d2-fa44-4ed0-ac47-a653cd05eed1,2023-06-21,1
2bb2d5d7-c1bb-48d6-97f3-4c799d8cccf0,2023-06-16,0
8b74723a-b1c1-4543-a322-c09e782aaca2,2023-04-13,1
e51bf12f-35e8-4f4c-b5b5-4ab120bdaf7f,2024-04-11,0
1966474d-8a1a-4395-94ad-5e04d54395e8,2023-12-26,1
af033392-c206-4f4d-9f3b-0fb2a9dfd894,2023-04-09,2
2c22e9b1-46ec-4cc9-b44f-c93acb75eae5,2023-05-23,2
36a8d36f-2c21-4c17-89c3-b81c61ece8a4,2023-10-03,2
982f93f4-de93-4409-80f0-bcb2bf9c4505,2024-03-04,1
e3afcb40-4775-44eb-b7e3-50a15fc14610,2024-05-14,2
9702f03d-9c7e-43ad-bc1f-9c1b513db8ff,2023-12-17,0
d72f56b8-25e4-4d08-9f4f-c88ae950aadd,2023-03-14,2
294902f1-243e-44a4-ac46-01cd0bf061cf,2023-12-25,0
f301630b-b567-40c4-adf6-75ba6b8a8157,2023-04-03,1
0d2ca031-9940-475f-9e11-782f092ab8e1,2023-03-24,1
7f7b5b3c-a693-441e-8628-ac445b024e97,2023-12-18,2
f8e63ad8-6b16-44e3-92b4-07786ccdb80b,2024-05-06,0
e8aa32a4-cffa-4601-bd46-18b7dcbf0ab9,2023-12-04,1
b9305ae1-5b7d-45da-a1a2-4ce50010af7a,2024-02-07,2
907ed46c-b692-47a9-8a90-6e7309bc1f39,2023-01-12,1
0d4de33c-3f6c-4079-a3ff-5fb594d1038e,2023-01-27,1
6e9a22ea-e011-4bc9-b05a-3bc6913edc1c,2024-02-16,1
f6e03007-5fdd-4b30-9e5e-f0a8ab0c9dab,2023-07-26,1
dc1589e7-ded4-4b1b-8d38-a285daeff043,2023-12-12,0
f37b1614-57ab-44b7-a082-f2bb62a0eab7,2023-07-14,0
ad33ca60-4ddb-40d2-8123-a7a298ec40cd,2024-03-23,2
5b574c74-5b7b-46fd-9e2b-f1971fd40ae9,2023-08-23,0
